4,c,t,q,8,6,E,a,q,n,j,J,u,i,o,y,C,0,y,Y,p,o
0,z,f,B,E,V,q,v,e,4,e,L,y,y,h,y,Y,a,n,w,I,g
5,s,T,3,a,p,p,9,W,c,u,4,F,A,G,n,N,s,9,o,Z,R
1,N,V,w,P,C,l,Q,W,z,P,N,F,S,l,1,0,D,E,G,l,T
0,T,f,9,M,w,k,7,D,w,y,s,E,a,j,S,N,G,a,8,n,2
2,o,f,O,e,2,O,a,X,F,p,Z,F,5,E,T,b,s,c,7,Q,u
1,r,N,N,O,K,F,4,k,i,a,N,m,d,k,p,I,K,N,s,v,d
2,v,j,f,g,f,v,Z,A,4,i,e,g,A,G,2,I,m,0,2,P,5
5,Z,k,I,T,f,P,p,c,N,P,n,y,Y,G,T,i,b,k,O,6,m
4,v,l,n,I,I,E,J,C,o,o,k,t,V,k,m,X,t,p,j,g,Z
2,d,N,w,N,l,V,P,I,5,K,J,N,U,9,d,y,X,j,H,p,7
0,A,U,x,b,b,q,F,t,X,J,G,E,7,F,n,3,j,k,G,X,5
6,e,u,o,z,m,I,G,R,L,6,a,V,i,n,2,k,s,J,E,J,2
6,0,b,O,8,d,w,Z,d,O,s,l,n,s,5,9,r,n,L,B,R,v
5,0,c,W,I,7,Z,I,x,1,G,c,Y,O,p,F,3,Q,i,h,u,D
5,F,D,8,h,f,e,N,H,q,X,q,R,x,a,G,S,x,M,r,4,p
1,b,A,l,w,x,k,s,M,D,Z,l,Z,P,B,k,c,O,z,D,I,m
1,H,s,D,e,F,H,x,g,9,Y,V,4,r,f,V,B,k,H,8,p,g
6,S,Z,6,5,C,G,o,n,M,r,M,5,t,w,W,L,m,R,E,u,f
5,y,M,H,j,W,C,8,x,Y,3,M,v,H,l,0,9,0,q,A,B,C
2,z,z,M,x,D,V,o,I,h,3,l,O,d,F,G,7,8,U,i,x,L
3,l,Z,O,n,5,2,e,W,V,v,o,l,C,E,s,D,K,Y,K,l,6
3,S,S,x,7,S,u,P,7,m,0,J,J,V,o,E,Y,b,8,Z,Y,3
2,u,N,r,e,8,f,P,M,L,o,Y,I,V,j,1,P,9,3,q,V,E
4,Q,5,y,M,l,w,A,f,A,o,i,t,q,g,4,r,9,o,Z,H,N
5,v,Y,z,F,4,L,h,3,w,w,U,A,s,u,g,p,F,Y,L,Y,Q
2,4,C,n,u,6,k,r,I,l,8,3,I,n,G,r,u,C,4,O,A,u
4,x,O,E,I,E,U,G,k,D,V,l,L,B,2,O,P,L,t,j,1,2
7,8,I,Z,4,p,U,o,G,n,X,5,G,w,D,i,r,n,g,Z,X,W
6,Z,C,u,g,H,Z,v,c,h,M,l,F,6,D,q,M,D,Y,I,W,1
6,Q,c,r,R,e,L,y,o,u,n,4,x,r,P,V,s,Z,5,O,J,E
5,D,1,N,S,v,Q,a,j,I,A,b,w,T,g,n,N,f,K,N,d,R
6,I,9,Y,6,P,H,T,W,v,7,2,f,g,Q,V,3,t,I,H,t,0
1,J,h,z,t,O,T,G,8,O,B,O,r,C,6,m,y,R,r,n,Z,s
0,X,E,H,o,R,A,v,f,E,i,E,x,y,B,Z,N,6,r,6,W,S
2,Y,r,B,Q,O,x,e,1,C,8,L,c,m,R,N,y,5,U,V,R,F
4,e,i,P,b,j,c,T,E,J,D,Q,c,s,v,7,W,V,0,v,f,D
3,H,g,8,9,8,A,n,f,a,p,E,c,g,R,w,a,4,P,T,9,L
7,m,O,X,P,C,J,s,a,5,y,y,2,K,g,Z,1,s,2,E,t,A
7,G,V,Q,g,W,I,d,C,6,i,S,a,S,Q,i,o,a,j,r,C,R
3,y,7,B,y,L,Z,0,5,t,l,u,s,c,O,T,R,g,E,J,9,Y
7,z,o,s,X,a,g,d,B,a,f,6,Y,K,x,Q,z,q,Y,k,I,B
3,M,k,Y,U,o,E,o,1,Y,k,1,p,e,H,N,4,c,o,f,0,c
5,7,8,3,F,V,F,t,X,J,M,M,0,9,4,C,C,d,H,P,C,5
4,f,V,b,e,E,s,s,H,c,t,T,S,v,9,R,p,A,c,q,r,O
3,Y,F,J,m,x,h,4,e,G,1,e,K,X,f,9,Y,V,T,r,g,U
1,J,l,Q,d,B,H,E,I,R,6,X,G,z,D,o,8,V,Q,8,k,H
5,e,A,Y,s,g,M,E,Z,G,u,o,Y,N,9,X,Q,V,0,t,E,Z
7,s,P,b,p,2,8,s,T,h,p,D,4,o,p,A,h,Q,s,M,T,x
7,L,D,7,J,9,T,u,B,Y,J,p,S,E,U,b,m,x,y,T,P,X
5,x,S,D,N,9,5,v,D,3,K,B,2,5,j,B,w,u,E,Z,V,3
0,a,0,M,1,X,u,L,A,N,2,C,S,l,U,W,r,y,j,9,0,3
1,C,h,P,i,A,I,S,5,R,G,N,U,Q,Y,4,o,h,y,f,X,G
7,q,W,N,z,2,b,G,S,y,U,L,F,L,G,M,F,q,m,j,Y,8
4,w,Z,q,e,C,V,R,3,f,w,S,5,M,F,o,R,t,A,n,i,a
6,N,P,K,1,2,A,r,u,o,B,w,2,P,P,B,Q,u,k,u,9,5
5,M,Y,L,9,W,e,j,i,r,H,j,0,k,c,8,c,r,J,P,J,0
7,6,j,R,S,S,k,d,4,p,L,w,U,f,l,g,w,S,e,u,B,0
4,k,Q,T,H,T,w,5,K,h,Y,2,j,F,M,n,0,B,h,E,S,X
4,l,K,z,G,D,N,Y,v,B,V,q,W,p,b,F,w,A,V,p,7,D
6,D,r,A,n,w,E,7,l,o,i,c,N,P,Y,x,u,D,W,u,q,F
4,u,G,T,6,M,U,Z,a,g,S,K,Z,8,E,R,N,h,R,7,Q,w
0,v,O,S,Z,7,h,A,U,x,o,c,D,U,7,q,P,h,0,V,C,o
0,m,7,y,r,W,N,I,x,S,w,B,x,i,e,L,J,d,S,d,P,3
3,b,c,N,X,Y,A,4,k,Z,Y,C,N,N,N,n,L,k,A,g,K,U
0,2,Q,o,5,D,F,g,o,G,T,i,B,G,o,4,Z,U,v,j,X,m
3,I,2,S,H,9,L,u,v,T,s,a,N,H,o,3,E,J,b,O,N,c
5,U,U,e,E,l,j,s,N,Q,r,o,C,U,N,I,d,8,D,I,V,6
3,l,F,H,o,X,P,z,M,7,z,0,F,8,q,n,3,d,o,a,C,R
5,F,6,6,a,R,u,o,Z,M,r,r,v,c,7,U,7,e,T,R,1,y
0,4,P,E,8,X,l,Z,I,m,f,J,T,v,l,6,u,g,v,u,r,7
0,g,k,w,J,m,X,8,f,B,M,u,n,X,A,9,r,7,0,x,f,1
1,r,9,0,X,F,2,B,h,A,C,w,B,h,X,p,r,Z,Q,u,2,2
6,d,p,s,J,T,z,j,5,r,w,b,e,Z,3,0,0,H,o,y,a,M
3,y,y,y,g,r,Z,3,m,9,d,H,s,q,e,D,x,0,Q,a,F,U
6,7,Q,G,n,T,1,V,d,f,u,u,y,4,H,k,L,T,U,V,j,j
4,d,e,A,c,e,v,9,6,9,K,E,s,1,Y,r,S,g,n,h,m,S
